{
  "beit_base_patch16_224": {
    "fp": 0.8522,
    "pt_act": 0.01804,
    "dw_pc": 0.01804,
    "d1": -83.416,
    "d2": -83.416,
    "n_dw": 0
  },
  "adv_inception_v3": {
    "fp": 0.77594,
    "pt_act": 0.02962,
    "dw_pc": 0.02962,
    "d1": -74.632,
    "d2": -74.632,
    "n_dw": 0
  },
  "mobilevit_s": {
    "fp": 0.78316,
    "pt_act": 0.01512,
    "dw_pc": 0.77082,
    "d1": -76.80399999999999,
    "d2": -1.2340000000000018,
    "n_dw": 7
  },
  "rexnet_100": {
    "fp": 0.77862,
    "pt_act": 0.03258,
    "dw_pc": 0.77646,
    "d1": -74.604,
    "d2": -0.21599999999999397,
    "n_dw": 16
  },
  "hardcorenas_a": {
    "fp": 0.75922,
    "pt_act": 0.15306,
    "dw_pc": 0.73392,
    "d1": -60.616,
    "d2": -2.529999999999999,
    "n_dw": 11
  },
  "lcnet_050": {
    "fp": 0.63128,
    "pt_act": 0.00212,
    "dw_pc": 0.585,
    "d1": -62.916,
    "d2": -4.627999999999998,
    "n_dw": 13
  },
  "efficientnet_b0": {
    "fp": 0.77698,
    "pt_act": 0.05144,
    "dw_pc": 0.73786,
    "d1": -72.554,
    "d2": -3.9120000000000044,
    "n_dw": 16
  },
  "convmixer_768_32": {
    "fp": 0.80146,
    "pt_act": 0.06932,
    "dw_pc": 0.46068,
    "d1": -73.21399999999998,
    "d2": -34.077999999999996,
    "n_dw": 32
  },
  "repvgg_a2": {
    "fp": 0.76484,
    "pt_act": 0.53062,
    "dw_pc": 0.53062,
    "d1": -23.421999999999997,
    "d2": -23.421999999999997,
    "n_dw": 0
  }
}